<?xml version="1.0" encoding="UTF-8"?><module codename="org.netbeans.core.osgi">
    <module_version install_time="1475191106044" last="true" origin="installer" specification_version="1.22.1">
        <file crc="4106410406" name="config/Modules/org-netbeans-core-osgi.xml"/>
        <file crc="1135435648" name="modules/locale/org-netbeans-core-osgi_ja.jar"/>
        <file crc="3886698716" name="modules/locale/org-netbeans-core-osgi_pt_BR.jar"/>
        <file crc="506076664" name="modules/locale/org-netbeans-core-osgi_ru.jar"/>
        <file crc="3536402449" name="modules/locale/org-netbeans-core-osgi_zh_CN.jar"/>
        <file crc="1904060641" name="modules/org-netbeans-core-osgi.jar"/>
    </module_version>
</module>
